id;full_name;father_name;husband_name;email;mobile;other_contact_details;cnic;home_address;area;city;postcode;country;status
1;Alaska;Cotton Garden Home Loan Account;killer Ghana Lead;Betty.Jacobs8@yahoo.com;Incredible n;Ergonomic Concrete Towels;interactive P;Plastic Security invoice;Personal Loan Account Wyoming Shoes;New Brain;Sausages I;Ky;PENDING
2;interactive override monetize;Mobility Savings Account;SMTP Paradigm United States of America;Thurman60@gmail.com;intermediate;SSL;invoice;upward-trending;Nebraska dedicated;Reichelborough;Applicatio;Ye;PENDING
3;Analyst bypass Frozen;Associate;Credit Card Account;August_Wiegand@gmail.com;Gorgeous;synergies channels Tanzanian Shilling;Distributed h;backing up;Manager;North Moseton;programmin;Au;PENDING
4;Tactics Towels;Unbranded Wooden Gloves;International static;Drake98@gmail.com;haptic tangi;Practical Fresh Shirt seamless;bricks-and-cl;Associate;Borders connecting Wooden;East Gerardoport;generating;Re;DONE
5;Health microchip;programming;Cayman Islands Dollar Ergonomic Keyboard;Ona.Mueller@hotmail.com;navigate Int;Assurance Computers Organized;Mississippi C;auxiliary Intuitive program;Director open architecture;Port Lydia;Jamaica Av;Al;IN_PROGRESS
6;connect Fresh mindshare;Books microchip;open-source FTP Response;Angelica_Ruecker28@hotmail.com;Practical;program;Small Concret;Fully-configurable pink AI;multi-byte Forward relationships;Mayertfurt;Liaison Na;Ba;IN_PROGRESS
7;Singapore Dollar Licensed Fresh Soap FTP;Plastic leading-edge Handmade;Books;Gilda_Lebsack@yahoo.com;Investment A;Credit Card Account;Codes specifi;Customer;Games Keyboard Guyana;North Edd;mobile fun;Co;IN_PROGRESS
8;Bedfordshire bypassing Generic Steel Sausages;Village vortals;back-end Optimization;Carlos_McLaughlin29@yahoo.com;Democratic P;Industrial demand-driven;payment Refin;impactful transition pink;salmon composite solution-oriented;West Joanie;secondary ;Mo;IN_PROGRESS
9;copying Hat Stravenue;back up circuit Developer;function revolutionary;Tracy_Harris35@yahoo.com;transmitter ;Books Handcrafted Plastic;matrix synerg;Bedfordshire;Synergized;Sauerberg;withdrawal;Do;PENDING
10;aggregate Integration;Investment Account Unbranded Concrete Soap;Paradigm unleash;Annamae15@hotmail.com;FTP Buckingh;monitoring multi-byte;Eritrea;card;hack Ville;Abbigailstad;monitor;In;PENDING
